Feature,count,mean,std,min,25%,50%,75%,max
age,48842.0,38.64358543876172,13.710509934443555,17.0,28.0,37.0,48.0,90.0
fnlwgt,48842.0,189664.13459727284,105604.02542315728,12285.0,117550.5,178144.5,237642.0,1490400.0
sex-val,48842.0,0.6684820441423365,0.47076356938045266,0.0,0.0,1.0,1.0,1.0
education-num,48842.0,10.078088530363212,2.5709727555922566,1.0,9.0,10.0,12.0,16.0
capital-gain,48842.0,1079.0676262233324,7452.019057655394,0.0,0.0,0.0,0.0,99999.0
capital-loss,48842.0,87.50231358257237,403.00455212435907,0.0,0.0,0.0,0.0,4356.0
hours-per-week,48842.0,40.422382375824085,12.391444024252307,1.0,40.0,40.0,45.0,99.0
